ruta;rol;bytes;sha256
.gitattributes;configuracion_proyecto;454;6756D028EF31527A5E0CC9034CB7A07CD0EF2A746B008C007256DE1E24DB1CC7
.github/CODEOWNERS;calidad_y_gobierno;264;55BEF5597D49EA60A160A07FC4978E176727AAD262153EC58702CB2A1AA940B5
.github/ISSUE_TEMPLATE/bug.yml;calidad_y_gobierno;1587;ACE3D964AE3CF008A7304070A94BBAB354718005A48A05CEDB9069086A4AE1FE
.github/ISSUE_TEMPLATE/calidad-datos.yml;calidad_y_gobierno;1282;0490A76DFAEEF031DDDE12CAE5256A2F61F8C3B9856B41BA97A22633118A15CF
.github/ISSUE_TEMPLATE/config.yml;calidad_y_gobierno;46;8B09E7DF09FC7534371988062769EE427AF2954A02C04C763E8A8005BE0F2BE4
.github/ISSUE_TEMPLATE/documentacion.yml;calidad_y_gobierno;754;C2E49026F296A6ED441C78888B2374CCF61BEF81DD5005F63F417052B02BC4AB
.github/PULL_REQUEST_TEMPLATE.md;calidad_y_gobierno;1353;266E214000C1780B4DC141A052BECCFB80439D2425200A4EAC36CD00283F0A1F
.github/dependabot.yml;calidad_y_gobierno;262;E3DD2B7C6F53DFE07D4578A75A12A633FC16ABC9DFCC3A3C939CD9542C87DF79
.github/workflows/ci.yml;calidad_y_gobierno;3569;69A3C7671A7ACD8DBA778C7EFEBA8C7A6B8ADADAC0649C848ABC3C4DA23B389D
.github/workflows/release.yml;calidad_y_gobierno;720;30A01C29A8FB9E753DCC3913A6499894F6231CDFD35458D20059AAFD9431E61E
.gitignore;configuracion_proyecto;864;20617132ACEFCB454A58B5C61FEBB5BE594DD937B8EEA5FCF418C810EFB823DE
.pbip.local.yml.example;configuracion_proyecto;91;D712A9FC2AF1BDB14986B6B5AA5318E52740A197884B96F658D2C1E489DA489B
ANALISIS_PROCEDENCIA_PRIMER_ANO_IPLACEX.md;documentacion_entregable;1961;4D0160E9FEAE7B509B1C6A8EA256C83B110D7A955238EB457FCDA4A6DA44B203
CHANGELOG.md;documentacion_entregable;1333;F30A7D9B1893DF85C81815485DF780B133E1E8E36215DCD141EB0B8028F7D88C
CITATION.cff;configuracion_proyecto;350;8A3A86FD1CB7009176DEA116E735E998570290020540B45DC27BD6A30CFA998F
CONFIGURAR_RUTA_DATOS.md;documentacion_entregable;931;E907118A56EF97107040566953D902A543CE28F843C4A575D5994BC9763C5D2B
CONTRIBUTING.md;documentacion_entregable;3299;5F0F06D22EC1DA4FF466AD6980D213DB58F2287F29EC550A5A4FA06B1E7E1B8E
INFORME_VICERRECTOR_ECS.md;documentacion_entregable;3614;E7A8E370528D3C2D0BEAAF0A66AAA29DD7E94C7A2A8E71C733B0F3A8AEBD484A
LICENCIA_DATOS.md;documentacion_entregable;1484;FC339EE44DF9C13E42F613A08208259AA0C09F800CDBC82E1886CF5719E651AE
LICENSE;configuracion_proyecto;1069;2F44A12D78599A100D8C82D901C1DF3DCB48314563364CE7623A7DF158E0B36A
PUBLICACION_GITHUB.md;documentacion_entregable;1082;4EA1F1F3C204AD86123ABF8F904BD912F32CC5707CFFA31C8482538AAC2574A8
PUBLICACION_SEGURA.json;configuracion_proyecto;327;A42AB5723CC545FBDFA15EEA7705A322E66416575692EEA3595E41276A9CFB85
README.md;documentacion_entregable;5588;B1EF28938F247A90C4505EB1744D9B80F5E1375321665308A3FC4C3E95D67ACF
Retencion_Academica_SIES.Report/.platform;reporte_pbip;320;9264674EA57E1E750F4675B758809B164C307D3F270456CB95CABB25297B92A3
Retencion_Academica_SIES.Report/definition.pbir;reporte_pbip;138;6496FEFEE67E9947E443AE51AD1668C84FAF7C1CD3003DECA38ACAEBA78F9B8F
Retencion_Academica_SIES.Report/definition/pages/09fcec4c604fb03717a7/page.json;reporte_pbip;7145;AD5F9AEF9102ED4D2163FF4F3E30C462A1546123D7F2C1C35AEC21035BD11F2A
Retencion_Academica_SIES.Report/definition/pages/09fcec4c604fb03717a7/visuals/12ebafa6bd393b6dd1c0/visual.json;reporte_pbip;1744;AF1F6145B3C7409EB65C29995ADE19983CB5A797FDFB4AEB18D9A4DDB41DDEFB
Retencion_Academica_SIES.Report/definition/pages/09fcec4c604fb03717a7/visuals/259099d210013cb1a503/visual.json;reporte_pbip;1746;4BC0CD73FC924CB6EF3694232302B54D55337CACE67D7165B2DDDA5B3E9C6376
Retencion_Academica_SIES.Report/definition/pages/09fcec4c604fb03717a7/visuals/288ab5a187ce297d2bb0/visual.json;reporte_pbip;3638;A2633BE304904658EF5D630AB41D7C51D553118DE3E4444B73B6A51ECF02E410
Retencion_Academica_SIES.Report/definition/pages/09fcec4c604fb03717a7/visuals/3317e344315725de9fd4/visual.json;reporte_pbip;1266;85C748280BE2A63461B5950DED09FD6491E88FCFF27DC533817C57249719F050
Retencion_Academica_SIES.Report/definition/pages/09fcec4c604fb03717a7/visuals/5ba41874652fcd7374f9/visual.json;reporte_pbip;2031;87C9809AD1511B8D8AAF3DC3BD2038BAF3BEE0878A1F2D2F61222FA19B0EF7B6
Retencion_Academica_SIES.Report/definition/pages/09fcec4c604fb03717a7/visuals/5cd90acd82be797a7ac5/visual.json;reporte_pbip;1321;60318862B2E7AC0BA9A5353D02E6AEC66D02AA7F17C809AEE7CB81B939B22D96
Retencion_Academica_SIES.Report/definition/pages/09fcec4c604fb03717a7/visuals/782c1f43a3fc0b6b62fb/visual.json;reporte_pbip;2451;BE26882F0E865FC974C4CEACCDD81D5D53368E359A9B6E1BB1399A52CB25D5EB
Retencion_Academica_SIES.Report/definition/pages/09fcec4c604fb03717a7/visuals/8e64e32494256ec4331c/visual.json;reporte_pbip;1796;88931ED468854201B52A9247ABF23400F234B60F9ACB304C7EDC46E891B748EF
Retencion_Academica_SIES.Report/definition/pages/09fcec4c604fb03717a7/visuals/906a5b1ba5127411b968/visual.json;reporte_pbip;1391;92D94AA0959B6FAD85C15519B185CCB4EB2348F08F8F00C0683F3541CDCB895C
Retencion_Academica_SIES.Report/definition/pages/09fcec4c604fb03717a7/visuals/9b42a8bb4b949653f37e/visual.json;reporte_pbip;2052;747AE322CC22401E838D60D43529E61B479C2D3B1DDF9B42ABE89EA4FA022621
Retencion_Academica_SIES.Report/definition/pages/09fcec4c604fb03717a7/visuals/bb722c014897e3d56841/visual.json;reporte_pbip;2453;C4FD585BFA3184E9D6BFFA9F333EDA813AFEB114FC59766116F70053BEDFED86
Retencion_Academica_SIES.Report/definition/pages/09fcec4c604fb03717a7/visuals/cce537e3af4a033ef2fe/visual.json;reporte_pbip;1992;6C74E5F91723C21079DBA5199EE9E2A539656FD341589B04B4BCC8C588E58389
Retencion_Academica_SIES.Report/definition/pages/09fcec4c604fb03717a7/visuals/ddb5e669ecbfbf757545/visual.json;reporte_pbip;2008;28CCD3602851A1C9E69B86F8F5A4720CA0780A06589C162F2BCCC8F4B9716BBE
Retencion_Academica_SIES.Report/definition/pages/09fcec4c604fb03717a7/visuals/e8e03a58c74e3263a9e5/visual.json;reporte_pbip;7600;8CC418859BD7F2CA32637B090BFB282ECDF981237EF6191F4073DAA99762478E
Retencion_Academica_SIES.Report/definition/pages/09fcec4c604fb03717a7/visuals/ee67f746189aa26af257/visual.json;reporte_pbip;1743;85B63E056E46385FDE2D0F86F3EC51D5BD9D89CCB9FE3A595718D2773E41F028
Retencion_Academica_SIES.Report/definition/pages/157ba16d410771c998f3/page.json;reporte_pbip;7140;B1278E873B5D738EEC446529C11B44248FFAA5EC27021EB699F13CE358FFC2AE
Retencion_Academica_SIES.Report/definition/pages/157ba16d410771c998f3/visuals/0233e5e3dca97ed01db1/visual.json;reporte_pbip;2378;497B55F0FB6BED0BFFA578891468A2550E76D6518FA8FC02FCB36EF880892FC0
Retencion_Academica_SIES.Report/definition/pages/157ba16d410771c998f3/visuals/202eadcfc042606ce55f/visual.json;reporte_pbip;2007;15270E4FFF18170EE3FE7B65364EE605EE326B66E32E43FC3FC2D082743B94C8
Retencion_Academica_SIES.Report/definition/pages/157ba16d410771c998f3/visuals/3e2fc9ce508bf07bcb1c/visual.json;reporte_pbip;2030;F607C03843EE494FA4F1F59251972C72ED23D7D68CB2A48D768AFF64A9E27593
Retencion_Academica_SIES.Report/definition/pages/157ba16d410771c998f3/visuals/3f8fbcfb391a570ec973/visual.json;reporte_pbip;1795;CA0810638A74C9E8B09B57F4E3D35A32E478AAB9149EAA392192C4970AF751EA
Retencion_Academica_SIES.Report/definition/pages/157ba16d410771c998f3/visuals/5f0f709202498f62e23a/visual.json;reporte_pbip;1261;B8D160B556FD692F63BF7225DF032E105DD9DD0B52116A4276A3656D156E1B87
Retencion_Academica_SIES.Report/definition/pages/157ba16d410771c998f3/visuals/66ffb80a0f2fcee2ce69/visual.json;reporte_pbip;2397;7FF4166D037A12831BD9C0F42F13D33ED445286B56CD0BCA48949E6CBCF8BA19
Retencion_Academica_SIES.Report/definition/pages/157ba16d410771c998f3/visuals/6ac410a5dddc7105b8e4/visual.json;reporte_pbip;1388;27F8C00F7B624F475212FE9DB1BD4294DBA0C0AB614EA328F86D35589C659326
Retencion_Academica_SIES.Report/definition/pages/157ba16d410771c998f3/visuals/8207babab67fdda07d5e/visual.json;reporte_pbip;1318;4F164E32D806A431DA1D658E86C01C33DA00627F5080E7409AC09FD0499FE393
Retencion_Academica_SIES.Report/definition/pages/157ba16d410771c998f3/visuals/95eecee8d65f31718406/visual.json;reporte_pbip;1748;A95FB4D35A461D69BA1A3DC05D76C1D66EDB0D575F98ECB7BE847848960E434E
Retencion_Academica_SIES.Report/definition/pages/157ba16d410771c998f3/visuals/aaa5997d9d7104acb0f0/visual.json;reporte_pbip;6610;C093EBE0583F7B732C33943DC46126C3AFFD9E8B9AD4B81DCCC534B212B6009E
Retencion_Academica_SIES.Report/definition/pages/157ba16d410771c998f3/visuals/cb614902018a78ba5fad/visual.json;reporte_pbip;3637;A1FABC7048D9CEBAA9332B27E5DC18F3765ABFECFD65F7EE81E35650D7A9C05B
Retencion_Academica_SIES.Report/definition/pages/157ba16d410771c998f3/visuals/da32a47e40cb0e395e5c/visual.json;reporte_pbip;1747;5A348F2B498D92BF7C8CCD8B88E62EF5B21324E52D16C78FA79708729D570D58
Retencion_Academica_SIES.Report/definition/pages/157ba16d410771c998f3/visuals/f2f4ef096050e8cd6027/visual.json;reporte_pbip;1721;C0029E399A8371A7F343671E7BA5CFB345203BF80D48D69DA0A14F00D1661025
Retencion_Academica_SIES.Report/definition/pages/157ba16d410771c998f3/visuals/f66c18bb27a0ccd93b37/visual.json;reporte_pbip;1991;A71636238DFA9A2920EEE61000FEB6EAB20C1CFA6F558348D319D56C0A230C05
Retencion_Academica_SIES.Report/definition/pages/157ba16d410771c998f3/visuals/fc438b2055df301dfc89/visual.json;reporte_pbip;2051;CB70D8DF2B87BB720D556271B5958A1FC28817FD1178631C2DC84DC8443E0877
Retencion_Academica_SIES.Report/definition/pages/161095fe5b6bb95a4542/page.json;reporte_pbip;7140;9283F184412C4BB28669E177591752A70BF96BAD89285DDDAAD360EDDC46D2AD
Retencion_Academica_SIES.Report/definition/pages/161095fe5b6bb95a4542/visuals/0a4a0129b58918ead554/visual.json;reporte_pbip;1799;EF5613D573F29EB0F056C71A288A23D4570B82A0DD8BE3F93CA509B115E863E0
Retencion_Academica_SIES.Report/definition/pages/161095fe5b6bb95a4542/visuals/0bd47e2689d374ec951b/visual.json;reporte_pbip;2009;A5B197A89D51F2345CB12E2E1E1A68BA7B88D91FFB30795F8384D72F61D3F19D
Retencion_Academica_SIES.Report/definition/pages/161095fe5b6bb95a4542/visuals/1388fd002e9df78aa8fa/visual.json;reporte_pbip;3024;8689F8E683C7F4F4014C279AFAFE16FB22E0A399A072BE3CD802A441FF357DD0
Retencion_Academica_SIES.Report/definition/pages/161095fe5b6bb95a4542/visuals/18d7578967ca5efb554d/visual.json;reporte_pbip;2032;5135609ED7BF43EAEBD6AEFC4B4CD8879BD25C797D37DA218C0D974CAD139ADF
Retencion_Academica_SIES.Report/definition/pages/161095fe5b6bb95a4542/visuals/1f7ca84312c60b2394a8/visual.json;reporte_pbip;2053;4DF6C6071D2554BB040A20B91136CAB08AB98975EBA456CA9A806669840948D5
Retencion_Academica_SIES.Report/definition/pages/161095fe5b6bb95a4542/visuals/262665aa550c2c11c556/visual.json;reporte_pbip;3639;899DC87EE6090A3720050061CA32284D0CC2D1BB9DD0DEAE1732E603C88CA1B5
Retencion_Academica_SIES.Report/definition/pages/161095fe5b6bb95a4542/visuals/544ed965946a4702ee07/visual.json;reporte_pbip;1765;E8F1903304FEACBF7C4821A443AFBA357EF2157BFE7F46F2CB2889AC1951A549
Retencion_Academica_SIES.Report/definition/pages/161095fe5b6bb95a4542/visuals/5a22028a48f041e73b58/visual.json;reporte_pbip;1262;935EF29BD57729C8B730873FB74BAF075D17F48744383CE7F476A4FEC119E208
Retencion_Academica_SIES.Report/definition/pages/161095fe5b6bb95a4542/visuals/5f281caae6b66036c342/visual.json;reporte_pbip;1752;A0BD665545316E48636FC2FA075A027BD5CB50A2D880868415DFCBCE687D443F
Retencion_Academica_SIES.Report/definition/pages/161095fe5b6bb95a4542/visuals/95cd81292b5982538102/visual.json;reporte_pbip;1744;39C45DFC8E2FDA50B4FD86BA5879858F091FD13435CBCF5EA5D0E88698CF635F
Retencion_Academica_SIES.Report/definition/pages/161095fe5b6bb95a4542/visuals/9dad288f812b64eae47d/visual.json;reporte_pbip;1993;841A5AFD4E76E864AC8821293B0B626A27CE7908281905CEAB29F01DAA81912A
Retencion_Academica_SIES.Report/definition/pages/161095fe5b6bb95a4542/visuals/c0510dd0001d11432086/visual.json;reporte_pbip;1326;BAEF66F00DED6CCAC460634BD95314A090926FDD8692BBF8ED1859C7725C7D22
Retencion_Academica_SIES.Report/definition/pages/161095fe5b6bb95a4542/visuals/c69a4c3e6f53d28da08f/visual.json;reporte_pbip;7590;0A23703B2DDB703358FDF3FA28B054116B1DD2E044C491344E92A00900A7C711
Retencion_Academica_SIES.Report/definition/pages/161095fe5b6bb95a4542/visuals/c7e88b815a3614109c88/visual.json;reporte_pbip;3056;DE4F4D6149D9FBF1BEADE302472A59BDF4B912634E142914AE48790685626234
Retencion_Academica_SIES.Report/definition/pages/161095fe5b6bb95a4542/visuals/d19c317922c8055562bc/visual.json;reporte_pbip;1411;7F5DD1189A6C0337FE54A90003EA78FF193C61FCBEFC12EE55FD1146460BC9A4
Retencion_Academica_SIES.Report/definition/pages/161095fe5b6bb95a4542/visuals/ed0c296887b6cba29302/visual.json;reporte_pbip;1798;D4DD5429ECF1B8CDAA42925EB901A8D5C3FE72EBF6D1A66D35212A13C9D16ACF
Retencion_Academica_SIES.Report/definition/pages/248c53efbba6827884f3/page.json;reporte_pbip;7136;9D05A736F20666AC0A9232D91250B4B7747E0D6D20900EB2F8DF42598E98A9AD
Retencion_Academica_SIES.Report/definition/pages/248c53efbba6827884f3/visuals/0aea7d52a7757d49c27d/visual.json;reporte_pbip;1301;E188FCD030AEE9FCECC051162EA0F86A7CD92D38B5B54CF8CFBD46F8ADDBB519
Retencion_Academica_SIES.Report/definition/pages/248c53efbba6827884f3/visuals/1bc40efb9e43d80a287a/visual.json;reporte_pbip;2405;8E358F9128EA11BCD829354EC3BAD244B56D60F486851556FB45AC562E5DA5DA
Retencion_Academica_SIES.Report/definition/pages/248c53efbba6827884f3/visuals/392b822bac72bf9417cd/visual.json;reporte_pbip;1751;FFA0D973AD78A2D9EBB0537AD262829DB83F7195D79F681D06FBEE6ADC53F32D
Retencion_Academica_SIES.Report/definition/pages/248c53efbba6827884f3/visuals/42496f741d58a1503570/visual.json;reporte_pbip;1992;49E2781FF83AC0F2281EF3EAB71B28467F77D01208E7EFD60CA52FFCC4AD061D
Retencion_Academica_SIES.Report/definition/pages/248c53efbba6827884f3/visuals/60a6454f38a15e14aa2c/visual.json;reporte_pbip;1816;81228A69EA9DE47F1FD5267E6EC8A24AA14116FD41ABDA54EA29AA008E8EE82E
Retencion_Academica_SIES.Report/definition/pages/248c53efbba6827884f3/visuals/625bb8ca7d58098a4322/visual.json;reporte_pbip;2031;BAE39BBF59565A65EE29E365D51373F8EC90C647C92B9D8E5837FC48E10FB04B
Retencion_Academica_SIES.Report/definition/pages/248c53efbba6827884f3/visuals/6aa3e4de09525a17b405/visual.json;reporte_pbip;2008;4A1397248B9618090E237EDF755A2B38BFA79D4EBF587ED4D5CCBBEBDAD72172
Retencion_Academica_SIES.Report/definition/pages/248c53efbba6827884f3/visuals/6fe01a92217e06cbb413/visual.json;reporte_pbip;1370;E26D1FB498E94C48C80FF4062C02A577353BBB8D4EAB3D4E9202DE548D521DBE
Retencion_Academica_SIES.Report/definition/pages/248c53efbba6827884f3/visuals/b9527e672a06d7af9b40/visual.json;reporte_pbip;3638;8F27DC5AC10EA4C174125E4C2D2A701DBBFE1C92D0544A31219BFAE9A7AEAB71
Retencion_Academica_SIES.Report/definition/pages/248c53efbba6827884f3/visuals/bb10d7ea4bfafd9a16c4/visual.json;reporte_pbip;2403;FD3371A91AA4BAA5612F59A6436F936772BECB753BB602758444C3283FF9CD0B
Retencion_Academica_SIES.Report/definition/pages/248c53efbba6827884f3/visuals/bd6ae91bbfc87ce2e357/visual.json;reporte_pbip;2052;03245D252F2C2EB5E0D54A76E39B6FF9F7C00772B2501F530A9B9ABA2BF05F2B
Retencion_Academica_SIES.Report/definition/pages/248c53efbba6827884f3/visuals/c21eafc17793721e78f4/visual.json;reporte_pbip;1764;997EAD34491E3AFF6A38AC97DBCE5DA227A7C5FDCD88A52544CF91FDC9EE8547
Retencion_Academica_SIES.Report/definition/pages/248c53efbba6827884f3/visuals/c3b15da51557a8fcee03/visual.json;reporte_pbip;1752;4C4EF4CAF542A75BE5D35295A0802782395909B8DF6D9E1947576462636D62D1
Retencion_Academica_SIES.Report/definition/pages/248c53efbba6827884f3/visuals/f0d47b179800414b52c2/visual.json;reporte_pbip;6552;B006FB1E96D820B8E20B6587B1CFBFA37FC843A1004D653E9B29AB65FEE18BBD
Retencion_Academica_SIES.Report/definition/pages/248c53efbba6827884f3/visuals/f5ebdf391c080b856658/visual.json;reporte_pbip;1258;FB9E1B49DE49AFDC59E4D379DC347B36088890A5BFBB9C195B087EF622ADB2CB
Retencion_Academica_SIES.Report/definition/pages/37abf87137dd5115b1cb/page.json;reporte_pbip;578;39FB1ED9B6EC50291D6D740BEFF600E9565D1003159CE2847096E61E986B7819
Retencion_Academica_SIES.Report/definition/pages/37abf87137dd5115b1cb/visuals/281ee082080ba683ec22/visual.json;reporte_pbip;2021;F2F692B87F53A246EA0A478E582E090ECCB9AAD85B29F22126B892A1CCBA62A6
Retencion_Academica_SIES.Report/definition/pages/37abf87137dd5115b1cb/visuals/515344a2b9d1ebddbe2e/visual.json;reporte_pbip;1317;B6F824D1103503624D4CCCB766098D65309899BEF2327D518D365588421B886B
Retencion_Academica_SIES.Report/definition/pages/37abf87137dd5115b1cb/visuals/80611a1b3ec1ff1c986e/visual.json;reporte_pbip;3672;A8CC4E89BC3868B7B9A2DC240CF6C4AAB880C1C39602A715EAE3ABAE96B83634
Retencion_Academica_SIES.Report/definition/pages/37abf87137dd5115b1cb/visuals/864fb8dd67ed0a268b9e/visual.json;reporte_pbip;1263;8E77D8D1CAB4728929EE405E296FEBB698D88279A7153811605D24ADFBF7A878
Retencion_Academica_SIES.Report/definition/pages/37abf87137dd5115b1cb/visuals/8f2ba289482cacc078de/visual.json;reporte_pbip;4874;05521AD154196A960F1E4DB611F89D6A263EC97E1C1F2437081C9629F70AF77F
Retencion_Academica_SIES.Report/definition/pages/37abf87137dd5115b1cb/visuals/9fbad7991fa4814fcb17/visual.json;reporte_pbip;1393;B16DC4994893FE2A968AFF138F83FC132A9872AD81E6004399AEF4E60CB1DC48
Retencion_Academica_SIES.Report/definition/pages/37abf87137dd5115b1cb/visuals/c428db4c55de097a2a7a/visual.json;reporte_pbip;2012;7C3860A4888260BD0827A429C454D98C049903B3116075FD59B744F482C5EFA8
Retencion_Academica_SIES.Report/definition/pages/37abf87137dd5115b1cb/visuals/d0e1753e3dc225b55f91/visual.json;reporte_pbip;3622;BE5E65DBE29089FD95C296C63D09A031E7C65C45F42A43E2E4F0D1F704CEE448
Retencion_Academica_SIES.Report/definition/pages/4b805e7c6df906d003e0/page.json;reporte_pbip;7144;80E0620D46585E92E44839B68C2D417FD2C7C145FF0E8129664F0B42A00C942C
Retencion_Academica_SIES.Report/definition/pages/4b805e7c6df906d003e0/visuals/35bc8a1f5090408414aa/visual.json;reporte_pbip;2031;5CD39A7460EBAA73626EE66AFF144B93278C32FCBF6D6C5A37D724B77146C820
Retencion_Academica_SIES.Report/definition/pages/4b805e7c6df906d003e0/visuals/4e862da44edb1abf37d0/visual.json;reporte_pbip;3638;3C32EEB1E1405B0BCAF7091143DCC9430BD44DC83242B597F94B8B4EDF376B79
Retencion_Academica_SIES.Report/definition/pages/4b805e7c6df906d003e0/visuals/73002fa31e6772bcf488/visual.json;reporte_pbip;1740;E17267D569914322CDF4409EEEDBE23DCF089B81560F0991F6E76303A55FF773
Retencion_Academica_SIES.Report/definition/pages/4b805e7c6df906d003e0/visuals/b455e7bd6dacd5358f97/visual.json;reporte_pbip;1317;AEE90F73F5001AEECE63214C53107DDC1E63BD6A8E9A55ECA577E1B94EA0CD71
Retencion_Academica_SIES.Report/definition/pages/4b805e7c6df906d003e0/visuals/b8e4104c6a38a0d2ca83/visual.json;reporte_pbip;2437;421FB189E5C94F75BDD3ECFA2E249C8BB986CDEA54542179A7CAF90831F60F31
Retencion_Academica_SIES.Report/definition/pages/4b805e7c6df906d003e0/visuals/b9515fb64615b6291b4a/visual.json;reporte_pbip;1265;A5000F262264FEEFBBA84276EEDD78615D218B34723FA9825D739B0BA887C7FE
Retencion_Academica_SIES.Report/definition/pages/4b805e7c6df906d003e0/visuals/be7750eaac47c41258cf/visual.json;reporte_pbip;1391;DC8DC69DC764040ABF3685C22563EAC495B34265D40D28D80C83106608624841
Retencion_Academica_SIES.Report/definition/pages/4b805e7c6df906d003e0/visuals/c8dce9b5b64c5feab8b5/visual.json;reporte_pbip;7596;BD66860DE4362EBCBC42424AC5C04C5CDE3113EA7013CB6BE0DA6B89AB5779CB
Retencion_Academica_SIES.Report/definition/pages/4b805e7c6df906d003e0/visuals/cc5516e60350e2fde337/visual.json;reporte_pbip;2435;5095B763752BBF2B6B59686FD36034842CA5F6A48C9654BC853E21867BFF051E
Retencion_Academica_SIES.Report/definition/pages/4b805e7c6df906d003e0/visuals/ceb9aa37e63ea17074d1/visual.json;reporte_pbip;1992;D5CD99E2DF0FF1CC215423C2E7E0309A62372CCD7EF36BE7B878DADB426ADDE5
Retencion_Academica_SIES.Report/definition/pages/4b805e7c6df906d003e0/visuals/d5eb0ac15d061453d20e/visual.json;reporte_pbip;2052;4205210CF8395072FE4B219E430C8928AF2D6DD10A13BF03BC4A2442DD006F1D
Retencion_Academica_SIES.Report/definition/pages/4b805e7c6df906d003e0/visuals/eccb844d3a9bea85a540/visual.json;reporte_pbip;1793;0CF4A827CAF0E2FA0D0F5AF2BBCB1269A0F1DE49E7786BA51B09D5BCAA59480F
Retencion_Academica_SIES.Report/definition/pages/4b805e7c6df906d003e0/visuals/eeacc7e9634a25dc9734/visual.json;reporte_pbip;1732;B45FC94765740F4E8B89A969C6BD3EE5FB33EAC7AC2BFDB78B5500CD3AA5E548
Retencion_Academica_SIES.Report/definition/pages/4b805e7c6df906d003e0/visuals/ef0808130db19d1c4caf/visual.json;reporte_pbip;2008;C73A384B8EAA9484372591DB544AA914E32DB00659C3DEBC83CBAA1D5BFEBF3E
Retencion_Academica_SIES.Report/definition/pages/4b805e7c6df906d003e0/visuals/f805cd3bf2c0df46eccf/visual.json;reporte_pbip;1734;5FFC38C5B2301D96D9537ADA5FB087379715BAD9377293B62A62F538EE9406F6
Retencion_Academica_SIES.Report/definition/pages/5901f3993c62fa410da9/page.json;reporte_pbip;7151;5EDC2CBCB6691A97C0D352EE367E2082E9A035ACB444C319BDBF8049E47186FF
Retencion_Academica_SIES.Report/definition/pages/5901f3993c62fa410da9/visuals/02ede7eb40b06b6cc46b/visual.json;reporte_pbip;3079;F109E75E3A3323E0C6CBEC84EC643730C7FB09B13498BE9AB794399283AD2C0D
Retencion_Academica_SIES.Report/definition/pages/5901f3993c62fa410da9/visuals/0d4577a49cdcbd35afaf/visual.json;reporte_pbip;2031;B528A89A8BA8B0E5F9C1714220D80743A88CF51C8394656CF574801AE2535B99
Retencion_Academica_SIES.Report/definition/pages/5901f3993c62fa410da9/visuals/1ba27ad3f83fff5a2342/visual.json;reporte_pbip;3047;AC07A09725945FF3D89340C34009916AD1B460A807F26A455909BFBE597177FE
Retencion_Academica_SIES.Report/definition/pages/5901f3993c62fa410da9/visuals/23b6dac1f20ab2cb2fe5/visual.json;reporte_pbip;1410;5274FC046253209504A03A265083D78A1441F5C6AE741B00F17A0C06193FF248
Retencion_Academica_SIES.Report/definition/pages/5901f3993c62fa410da9/visuals/26e6f93e539aab8e76f3/visual.json;reporte_pbip;1992;B6754474C5A016A7FD8FF398524EA8E2A33EAF12E8BEDB0398D36A808C9ECE9C
Retencion_Academica_SIES.Report/definition/pages/5901f3993c62fa410da9/visuals/4bb4aa3c9696098a91ae/visual.json;reporte_pbip;1810;3CD7A21849C4814234353AEED0D44F95B94DBFF4A2C0BCB5561EBB31E72BC874
Retencion_Academica_SIES.Report/definition/pages/5901f3993c62fa410da9/visuals/58cbac4c60fc47353ba0/visual.json;reporte_pbip;1797;F8D51A44F2E5268CC52846BB6425FB836B874EEA9B3AA700AA7D83ADC524EECA
Retencion_Academica_SIES.Report/definition/pages/5901f3993c62fa410da9/visuals/5bc9f947bef39c989032/visual.json;reporte_pbip;2008;E6DFAF2BD1267F0102877B82D56B4B6E9C4D2C9A1B9A666A624E96BE7665AE02
Retencion_Academica_SIES.Report/definition/pages/5901f3993c62fa410da9/visuals/5fab035a4a861f94dedc/visual.json;reporte_pbip;1784;F282E5E1461530EE6E040DFBB38474273CA3B7676AEB3F2B1295368D0D207A32
Retencion_Academica_SIES.Report/definition/pages/5901f3993c62fa410da9/visuals/95e58b004f42c1526776/visual.json;reporte_pbip;1809;8906BCF15E7A47C9AEC2CEECCC5BD6E26B25C546E379CF6656B9CC7692F11129
Retencion_Academica_SIES.Report/definition/pages/5901f3993c62fa410da9/visuals/9f244ec906a3d8e2b4aa/visual.json;reporte_pbip;3638;91CE1DCE866AA8C80A11DF652A20674B17B6B15BF6B592C406E1F5547F3E4D80
Retencion_Academica_SIES.Report/definition/pages/5901f3993c62fa410da9/visuals/a309ba325a3fdad75d60/visual.json;reporte_pbip;1273;AD60653898E68B4037F5C7D266E303658CFFB2D7A5B626EBBB314D5A0A3D913F
Retencion_Academica_SIES.Report/definition/pages/5901f3993c62fa410da9/visuals/ac212fbd9927aa747659/visual.json;reporte_pbip;7664;75ED124068106A1E0583A9495A1C63BBB7EF92575907B1E3BC2331B4EF360E9A
Retencion_Academica_SIES.Report/definition/pages/5901f3993c62fa410da9/visuals/b7935c8b25a35507774d/visual.json;reporte_pbip;1319;77331E4B7E4ADD1F0433244D91C732A0C8D4F9C4FBB7B7B1CC881C486EB60008
Retencion_Academica_SIES.Report/definition/pages/5901f3993c62fa410da9/visuals/d35cde6947ba33a29380/visual.json;reporte_pbip;2052;E91C85F35E4724E43438105F0B220A5B9CF60A734D52D63EF0AECD523F6938A5
Retencion_Academica_SIES.Report/definition/pages/5901f3993c62fa410da9/visuals/ea4f03c359c07a8ac26c/visual.json;reporte_pbip;1728;E7272B13082563E303289E6483A3F7014DA8A9D6B2BD91FF27DAC6C84FA26CE0
Retencion_Academica_SIES.Report/definition/pages/835a8001f14a394a6c6c/page.json;reporte_pbip;7144;D609301AA72E6FB379CA9B59DF75A49858EC6D2A783E39746BA43EEA34DDE458
Retencion_Academica_SIES.Report/definition/pages/835a8001f14a394a6c6c/visuals/006ad4d0e236a3e4944f/visual.json;reporte_pbip;1991;64C2B9B213A68E114EC97AE6225DDEC0D3E6B68BF700599EA20F2E399A2F19FE
Retencion_Academica_SIES.Report/definition/pages/835a8001f14a394a6c6c/visuals/064e642658d76397b933/visual.json;reporte_pbip;1266;B65BC9EED8528FB59A45116360BEF7432749BFB0A5AE2155C3D567B030E9CFD4
Retencion_Academica_SIES.Report/definition/pages/835a8001f14a394a6c6c/visuals/14a9394fa42fdf1fb4b9/visual.json;reporte_pbip;1765;D1857F0C0D97C4031E4990D1A5D432934503FF4CF1A7FDF91249FAC9FC12222A
Retencion_Academica_SIES.Report/definition/pages/835a8001f14a394a6c6c/visuals/33c169fb4b8e3d89da63/visual.json;reporte_pbip;1793;2C3F3F3F314EBB3A54898534DAF1653C35EB6E49D0C64F901F99FB6E719F82DD
Retencion_Academica_SIES.Report/definition/pages/835a8001f14a394a6c6c/visuals/3cc00d326d5b0e4bdba8/visual.json;reporte_pbip;5506;4B3577198274AFD63CB0681E10BD802A6634D660B401AEE13D0D32C345A606F8
Retencion_Academica_SIES.Report/definition/pages/835a8001f14a394a6c6c/visuals/8a43f1afd5915dfd5f58/visual.json;reporte_pbip;2450;16E7D33B7E68A663490D9ADEBABE165892855F80E694613553F7981EF2A86045
Retencion_Academica_SIES.Report/definition/pages/835a8001f14a394a6c6c/visuals/9532a7f5781a5222eec1/visual.json;reporte_pbip;1727;4519C2711A70642972C87957D58E5B2A069672C924F19CDB3D2FB416931BE6D3
Retencion_Academica_SIES.Report/definition/pages/835a8001f14a394a6c6c/visuals/b541d42be257ae4bbe5a/visual.json;reporte_pbip;2051;B1A2F3F7A7A0378B5143C2003B2BCA5EB847EADAB68E098136F4404B3B575B2D
Retencion_Academica_SIES.Report/definition/pages/835a8001f14a394a6c6c/visuals/c1c388c807c7770c9efe/visual.json;reporte_pbip;2007;A467280A91FB391ABBFFAD973F06A99AC84591CA21E30EA8279D435B5C2D124E
Retencion_Academica_SIES.Report/definition/pages/835a8001f14a394a6c6c/visuals/c20396c10e0a268e44f7/visual.json;reporte_pbip;2030;810B7FA9B2C143F60E68089B16C62A31FBDA70C42C5623A91BE05CACAC5C520D
Retencion_Academica_SIES.Report/definition/pages/835a8001f14a394a6c6c/visuals/c88ea0881b0844075ca3/visual.json;reporte_pbip;3355;5B2347DDBD365B181757104CC92F5A449F9F2DCEABF1E9ADCBB65FC282C6FE39
Retencion_Academica_SIES.Report/definition/pages/835a8001f14a394a6c6c/visuals/c9fc258a7b9b18ac37c2/visual.json;reporte_pbip;1311;75B2C6C461CB7684817B6ECDD340AE54BB1C24C2436B01F745061D4F66B60FFF
Retencion_Academica_SIES.Report/definition/pages/835a8001f14a394a6c6c/visuals/ce90d4e14348b28343cc/visual.json;reporte_pbip;3637;51F08432A1336E2A5E9DCC3C57E9B8E1AA156B797805B6AF528C1A82131DBE5A
Retencion_Academica_SIES.Report/definition/pages/835a8001f14a394a6c6c/visuals/d5b8c6ba8d57cca2786f/visual.json;reporte_pbip;1393;2121F1E3B79629286878AEB39AE1CCA91DCE977C89EB5AD559CE2CEFD4DC8D19
Retencion_Academica_SIES.Report/definition/pages/835a8001f14a394a6c6c/visuals/e16771fd36904fe60152/visual.json;reporte_pbip;1760;83AA5C9BF734584D6993A21FE36FC2843C7923C1684383EB5A725FB7DC4F66E9
Retencion_Academica_SIES.Report/definition/pages/8c69a0c1554a55a90ec4/page.json;reporte_pbip;576;AEF9CAC3BA4D89C4DB0EB7E5C08D4DC2B3AA1FDC6F6DFF8AE573C779AC9C52AA
Retencion_Academica_SIES.Report/definition/pages/8c69a0c1554a55a90ec4/visuals/26bc742dc9409b9e6b19/visual.json;reporte_pbip;3622;BD4AD183A4A4A4E3E2065650855C5B6FF392A8B8BA6749BA381ABDA81DBE0205
Retencion_Academica_SIES.Report/definition/pages/8c69a0c1554a55a90ec4/visuals/2a4cfcd5d2747eab5486/visual.json;reporte_pbip;1723;5823159D51F4EF2D2408565C4378F4A27C72AD815D36D2BFC5041962552D9A94
Retencion_Academica_SIES.Report/definition/pages/8c69a0c1554a55a90ec4/visuals/3a25c347481404d73c41/visual.json;reporte_pbip;1373;B50255AD31E07C2485EAE96B298158A0F10E4E9CB6CA9B8785F16F25A1CB83F8
Retencion_Academica_SIES.Report/definition/pages/8c69a0c1554a55a90ec4/visuals/48b90b43bc47317d0122/visual.json;reporte_pbip;2021;DB3EFE319CBEC89169960AA50C30CE205DB8D29352C4D13E3CB5BD1DB78DA26D
Retencion_Academica_SIES.Report/definition/pages/8c69a0c1554a55a90ec4/visuals/4e020da581a519a60852/visual.json;reporte_pbip;3672;9EF74C820F0DBA4DE2AB9DA558963A7ADC93ACF72C53178378068BF5900C12C9
Retencion_Academica_SIES.Report/definition/pages/8c69a0c1554a55a90ec4/visuals/59b0c5bc15059cb6d3ff/visual.json;reporte_pbip;1693;D0F84903DE8704D16C36B192C5597AED47B34E398D13E1CA0EEA23374AD5867C
Retencion_Academica_SIES.Report/definition/pages/8c69a0c1554a55a90ec4/visuals/bac4632b1dd7e0d385da/visual.json;reporte_pbip;1315;7FB817FAAA22DE4642A53D83B3CF6AFE0F1BC0BAA6DAEACB8851018F5DF6D3FE
Retencion_Academica_SIES.Report/definition/pages/8c69a0c1554a55a90ec4/visuals/bce8b09d7ef0200284d3/visual.json;reporte_pbip;1261;BE2EF77156B35865B932B7E3BA9A8F5FCAA81BD61FDAB1C8901C0698FC78EE59
Retencion_Academica_SIES.Report/definition/pages/8c69a0c1554a55a90ec4/visuals/c7c32fe2aed8dd2d81a6/visual.json;reporte_pbip;2012;BA29FA56B459021DBE412BE94E89D1BE5997671C4BC1F554E25898E4452A0A24
Retencion_Academica_SIES.Report/definition/pages/8c69a0c1554a55a90ec4/visuals/de418b1acf46159b4589/visual.json;reporte_pbip;1734;553598E2FEF84B124EB26C6837A92D136E0D342E8BF14B3266C9CB52808F41AF
Retencion_Academica_SIES.Report/definition/pages/8c69a0c1554a55a90ec4/visuals/e46ac0b1577ab4b4c0ef/visual.json;reporte_pbip;3763;90EA255FF9247FC466AFB49CF4F8999A06C8B4BA6D38C968C30451FF95D981E7
Retencion_Academica_SIES.Report/definition/pages/b9937e0cbe93955069e2/page.json;reporte_pbip;568;3F8EA21F7223AF90CD575D63CA9F9615178F2B1395AD26FFAC591735E1A5B7C6
Retencion_Academica_SIES.Report/definition/pages/b9937e0cbe93955069e2/visuals/07b36f5dad4a57c78ac3/visual.json;reporte_pbip;2012;1F7550464BBD7991A1B83862A729A662BA7CE2DF86CAC354CC4AEA3F6F50B8BC
Retencion_Academica_SIES.Report/definition/pages/b9937e0cbe93955069e2/visuals/13c0b7d8943b7424249c/visual.json;reporte_pbip;1770;A5843214C5C8B83886E48C3CEBAB6CF39031C8F09D07FFB0DB3E88E4429830DE
Retencion_Academica_SIES.Report/definition/pages/b9937e0cbe93955069e2/visuals/1b3d1511c15edfb47c61/visual.json;reporte_pbip;3622;6DC04A6D4A3EE58A8EE2F6CD3EEE0513C2AC1181B872C06BBA5395D3CAD3FD07
Retencion_Academica_SIES.Report/definition/pages/b9937e0cbe93955069e2/visuals/2353b6231eb7673c4da7/visual.json;reporte_pbip;3672;ABCA4040426178B14CDF9E872C0554FFA5B811B2F45F9CB191B699FB1061D79C
Retencion_Academica_SIES.Report/definition/pages/b9937e0cbe93955069e2/visuals/406616097fe56c03dd03/visual.json;reporte_pbip;1770;5D60991764D48B4F3859F4E4C543500FE9BF7F53A506CBD0587F338685A33F0A
Retencion_Academica_SIES.Report/definition/pages/b9937e0cbe93955069e2/visuals/5609cadad1d05f465a0b/visual.json;reporte_pbip;4920;B956C77614D6E699DBCA61B4FB364DC9C94A8B958D82ED0B22285BB92A34356A
Retencion_Academica_SIES.Report/definition/pages/b9937e0cbe93955069e2/visuals/5a6c8df0eae921dc177a/visual.json;reporte_pbip;2021;B45182E63B175B74EAE1EF60C2B54D3AE9AC214258B2C807E42D0CA0BCBF826E
Retencion_Academica_SIES.Report/definition/pages/b9937e0cbe93955069e2/visuals/84964e9d26ff52460b14/visual.json;reporte_pbip;1386;360EEA4E50E1ED5CA6027D70BEFAE8F905B19F236CAA15CD92EF7CCD8D9C167E
Retencion_Academica_SIES.Report/definition/pages/b9937e0cbe93955069e2/visuals/9b2e598ac79da2e1dddb/visual.json;reporte_pbip;1709;345C6D9A4BD3279E6D2E740AD2554EAB0CD95B7949C2ADA1477627D65DBE9586
Retencion_Academica_SIES.Report/definition/pages/b9937e0cbe93955069e2/visuals/d880bc5b67df53d64c8a/visual.json;reporte_pbip;1339;3FCD84ED573F668C97D47CE0E65CF2AAE7E2C053515BEFE89327217A19FEC310
Retencion_Academica_SIES.Report/definition/pages/b9937e0cbe93955069e2/visuals/d911702c5455218782af/visual.json;reporte_pbip;1253;A9D342C5B637EA9FB737AE71FD26CFD03CC9DE3DCBBE678ACF88FC4BB1812A10
Retencion_Academica_SIES.Report/definition/pages/b9937e0cbe93955069e2/visuals/e46f24e894c4aed908b7/visual.json;reporte_pbip;1752;1561FB3F553B9505548D05724CA76BE48019D1A59CCDF116279775C5ED569F71
Retencion_Academica_SIES.Report/definition/pages/c684c21f43d332708e87/page.json;reporte_pbip;581;3AA6B408A4DA30B6F8AB5B3A98A7F090471F78751DD4E85214C2E34F870D51A8
Retencion_Academica_SIES.Report/definition/pages/c684c21f43d332708e87/visuals/068d838264ac9fc6972c/visual.json;reporte_pbip;2021;7AD510636F60ED82C9B395AE7811CC6E5C3223A797F1DBF9693DEAC954E6BBA3
Retencion_Academica_SIES.Report/definition/pages/c684c21f43d332708e87/visuals/35d6f9bd4cee029bcb90/visual.json;reporte_pbip;2012;90277B318DDF7F1909350F73337B01B915C4B45DE72A1A8BBB0AB884E8900F1F
Retencion_Academica_SIES.Report/definition/pages/c684c21f43d332708e87/visuals/38619710322496e01715/visual.json;reporte_pbip;1750;0451691BD7101F034672DB1596ADB95D1F86B76356D4D33957CA525AC98E10E1
Retencion_Academica_SIES.Report/definition/pages/c684c21f43d332708e87/visuals/5e9d2636149955da2640/visual.json;reporte_pbip;1695;AF9F1BD53C8B32A210690C6A1CD9418F688431AD6FB2DFAFFAF71DF4984646A9
Retencion_Academica_SIES.Report/definition/pages/c684c21f43d332708e87/visuals/7fd71024eca15b162c8f/visual.json;reporte_pbip;1732;9C52D706E35942087BB1D3C6875D8B12259241EBED2759A515537DB50120582D
Retencion_Academica_SIES.Report/definition/pages/c684c21f43d332708e87/visuals/8365a87af189d7b42a2d/visual.json;reporte_pbip;3397;55D79C93AA67036223D82983215D3E490B251D4A2B7D02CC8066C55FFB44417A
Retencion_Academica_SIES.Report/definition/pages/c684c21f43d332708e87/visuals/a67dea65f1043ef30cee/visual.json;reporte_pbip;1790;927D870115C9868C9F7F8BD2C3D4C5EAC5F36B18CC4275BB95A4A76818222845
Retencion_Academica_SIES.Report/definition/pages/c684c21f43d332708e87/visuals/caf9b5b426b28678e1af/visual.json;reporte_pbip;3438;F9B0C039E36358FD68285935D6B7B65B98934E850599F129DA254F67723EB5A1
Retencion_Academica_SIES.Report/definition/pages/c684c21f43d332708e87/visuals/d4d87fcf419a573c497d/visual.json;reporte_pbip;3622;BC75E4180F997749622DF1B1D35D255D3FB81FB6BC969AF85B72D5F9528ADC52
Retencion_Academica_SIES.Report/definition/pages/c684c21f43d332708e87/visuals/e5a0ca5e1d92df7a190d/visual.json;reporte_pbip;1345;8EB779E808171D0CDEBEDE382EF885B7CE16257ADFF7E3B863669EB05D9C245E
Retencion_Academica_SIES.Report/definition/pages/c684c21f43d332708e87/visuals/e8bb9921a957b4dc41eb/visual.json;reporte_pbip;3672;CD4FCDE2D6F25D0865B451F5C63ECCA45C4E837CCE2D70CFA2BC310769C12FB8
Retencion_Academica_SIES.Report/definition/pages/c684c21f43d332708e87/visuals/e9120aff8da9bf6178a9/visual.json;reporte_pbip;1392;6ACA79527621658522A75CA70D9AD086EB7BF66DA6B36624714FFB64F7BD3351
Retencion_Academica_SIES.Report/definition/pages/c684c21f43d332708e87/visuals/ef55cc31f08044852053/visual.json;reporte_pbip;1266;BCBE120F105901B2B5CFB7AFFF75EE66B1172E1D59F788ABE4315C72A2B5BD32
Retencion_Academica_SIES.Report/definition/pages/d46c2ee6cbce60a81f1e/page.json;reporte_pbip;7139;B024DC30675345DD66532BAC4F415DBA29DD67F510FD35D72714ACC3712E9C33
Retencion_Academica_SIES.Report/definition/pages/d46c2ee6cbce60a81f1e/visuals/1d67686f1d38136486bd/visual.json;reporte_pbip;1322;8A52818DF15F67E2C4088A8E9518FE1C18280D1B7024A12E4929EC465D5D2887
Retencion_Academica_SIES.Report/definition/pages/d46c2ee6cbce60a81f1e/visuals/3a06428a4c1c4f88db0e/visual.json;reporte_pbip;1261;6B8BB6E90BE5663B966330206532121F0CE74FB83F22B828257F09465BE4915F
Retencion_Academica_SIES.Report/definition/pages/d46c2ee6cbce60a81f1e/visuals/5e7ea49e6bdf9ceaf818/visual.json;reporte_pbip;1762;BD8E87118551DF1D87FCA119F65A1D5DB63EC597219A5B66C2788912CFABD62B
Retencion_Academica_SIES.Report/definition/pages/d46c2ee6cbce60a81f1e/visuals/620a4f0f46e86d1aaa4c/visual.json;reporte_pbip;3014;88EF2EC72B278C08D2E13D5FE512514AFF6EF46C4BBDCCF68397CE4970766A11
Retencion_Academica_SIES.Report/definition/pages/d46c2ee6cbce60a81f1e/visuals/6658a493e3514a438a87/visual.json;reporte_pbip;1411;AE4E00116E016B281C79CBFC055CB5408A7E4A1C2CB6DB2EAECAE77B41F6AA47
Retencion_Academica_SIES.Report/definition/pages/d46c2ee6cbce60a81f1e/visuals/67d3037ea4b9417e43a1/visual.json;reporte_pbip;2053;163144A52D7A4BA3E913BEB1D54BAA91E9E7A310860D23D9EB0426DF3ED581BE
Retencion_Academica_SIES.Report/definition/pages/d46c2ee6cbce60a81f1e/visuals/715eab77d5587d9d6fa1/visual.json;reporte_pbip;3639;51E91A142D3D031814A64793E8CB59A85E08BB354F2D96CEFB37594F6337FAF6
Retencion_Academica_SIES.Report/definition/pages/d46c2ee6cbce60a81f1e/visuals/7b0a8572cb8617aa88db/visual.json;reporte_pbip;1741;B10D332CABC7E7A4FFB35F7FAAD727F137B99967796CC279D62B4484CBD1A44C
Retencion_Academica_SIES.Report/definition/pages/d46c2ee6cbce60a81f1e/visuals/849f0f2eb0ae6a8940a2/visual.json;reporte_pbip;7571;6D7B415B0333800D24374610995CB2D51E114093B6B6B6B3BE8427FF1D1B6552
Retencion_Academica_SIES.Report/definition/pages/d46c2ee6cbce60a81f1e/visuals/a4bc56048de010ccca4d/visual.json;reporte_pbip;1795;F516FFA2AAFC2B950D4ED42129395CD09C006555A40529D35381E0006E535415
Retencion_Academica_SIES.Report/definition/pages/d46c2ee6cbce60a81f1e/visuals/b79429457330a783af3d/visual.json;reporte_pbip;1796;97398D95A087023BCB4A91863F034441628E4B7DDE66F1A565EE85813CDBEE90
Retencion_Academica_SIES.Report/definition/pages/d46c2ee6cbce60a81f1e/visuals/ba74aa23f6df0531e527/visual.json;reporte_pbip;3046;63FEE96BF895C3861071CA787C41774A3E7AB58C3B70AA6E3690CF77D8A705B0
Retencion_Academica_SIES.Report/definition/pages/d46c2ee6cbce60a81f1e/visuals/c2fe555ec389bac86226/visual.json;reporte_pbip;2032;33F0FFE4B02A8D1032D30648614463511D37B866B604C62A51B7837B1485F9F3
Retencion_Academica_SIES.Report/definition/pages/d46c2ee6cbce60a81f1e/visuals/cb245d1a5dfff822e08e/visual.json;reporte_pbip;2009;3A6EF9DB56D6E2101A0C6747B574EA0EBBBDA39E27508BF085F0F58385BFA954
Retencion_Academica_SIES.Report/definition/pages/d46c2ee6cbce60a81f1e/visuals/cc0957d6cf78600b8142/visual.json;reporte_pbip;1749;E9BB95A61A19BFC5F328A9625100323614539727E38EC96FA8EAFBFB31A8C838
Retencion_Academica_SIES.Report/definition/pages/d46c2ee6cbce60a81f1e/visuals/fbbc355bec36a2ad5621/visual.json;reporte_pbip;1993;576517515314F6EE43186361E3B94F0DF44CD65CF25CE0FFBF312891265D25D6
Retencion_Academica_SIES.Report/definition/pages/deed4ca2f00bf9a58680/page.json;reporte_pbip;577;2AC7768B3E4C0E4B342988509F896CA832D7524E5FA04D584B583683E4CC0304
Retencion_Academica_SIES.Report/definition/pages/deed4ca2f00bf9a58680/visuals/0b23732ad31f32043b84/visual.json;reporte_pbip;1325;47829055DC3605B9B15BEC3B73E7F2997E7489C930777F4F574DC032FD98D140
Retencion_Academica_SIES.Report/definition/pages/deed4ca2f00bf9a58680/visuals/111244f28e5b02d36c46/visual.json;reporte_pbip;1365;D4DCB5C6F116470C3AFE61E1100CA035490AEF3CEA2522541E15C185F0FA07A0
Retencion_Academica_SIES.Report/definition/pages/deed4ca2f00bf9a58680/visuals/2f406340c75a9525c4f3/visual.json;reporte_pbip;1265;25849F18E6F72A89273EA7F20567DB44AAF85DC70BF87AF30FB8B9C67A2C8EFB
Retencion_Academica_SIES.Report/definition/pages/deed4ca2f00bf9a58680/visuals/4706489b6d87be9a8842/visual.json;reporte_pbip;1378;453ADB6AFE87A86EC9F3D9D8582C285F4D50BBDABC3843165FFC7034580D0746
Retencion_Academica_SIES.Report/definition/pages/deed4ca2f00bf9a58680/visuals/7168336ef746af63a632/visual.json;reporte_pbip;1386;E185E55F6FB7A51653ABE037DA62F71228DDD00A967D9F9E775F8F1CA625B880
Retencion_Academica_SIES.Report/definition/pages/deed4ca2f00bf9a58680/visuals/838564a27ec4ec69f2bf/visual.json;reporte_pbip;1262;05DA9D0AFA9D992DB5DE5059CF069E349267DA91AABC3D87FEBE31BFFC68D010
Retencion_Academica_SIES.Report/definition/pages/deed4ca2f00bf9a58680/visuals/8630e9aa2360377d22b0/visual.json;reporte_pbip;1425;C9BA097C00B9F5822D410BE1F6374DA64B03841429DC0A43EF314C495B928355
Retencion_Academica_SIES.Report/definition/pages/deed4ca2f00bf9a58680/visuals/a40dbbc120276d4d84e7/visual.json;reporte_pbip;1264;AC16B0586C40F397E2C68AD5D17E71AED2804C563C6DC4E249E51E5A73876E31
Retencion_Academica_SIES.Report/definition/pages/deed4ca2f00bf9a58680/visuals/bc2771424567843ac03e/visual.json;reporte_pbip;1263;3A0EAD391B9D036046F03DB66CC1A8441EF726F039AB57A5ADE58FBE719D71DF
Retencion_Academica_SIES.Report/definition/pages/deed4ca2f00bf9a58680/visuals/d975f2c816eecfe302c7/visual.json;reporte_pbip;1263;DCF9B1C8B24E7389B0004166EC396CF9B28185BDDF286532C83D8CE92F5E558F
Retencion_Academica_SIES.Report/definition/pages/deed4ca2f00bf9a58680/visuals/f2f35e3cab283c401a78/visual.json;reporte_pbip;1266;47354BE51ED1962CC209027293F1ADAE5766F5DE21E8D8F37521FF7755DAE320
Retencion_Academica_SIES.Report/definition/pages/deed4ca2f00bf9a58680/visuals/fa0061e68b4824e1ff51/visual.json;reporte_pbip;1379;0229CD1EA3C549EF41F209B91B9F11EAFA77A9735E3B580082F91935ED48AF50
Retencion_Academica_SIES.Report/definition/pages/df89cfe9ca9aeeecc3a5/page.json;reporte_pbip;584;6EEBB0FFBD439B110751DE8AECEAC335C114326BE9D0D19FAFB92356DA15EC05
Retencion_Academica_SIES.Report/definition/pages/df89cfe9ca9aeeecc3a5/visuals/04716e85c9c18190cddb/visual.json;reporte_pbip;1329;058F7D3EBC9D19AE8E78B75C40C1B613B373AF4D760B98C545BA6D43246312B6
Retencion_Academica_SIES.Report/definition/pages/df89cfe9ca9aeeecc3a5/visuals/3c8ce8ac164f0a0a82cb/visual.json;reporte_pbip;1269;497495D6D4ADCC273C495FC832F1BA56A0925DB10BA631EBF7E816FBF13C04F5
Retencion_Academica_SIES.Report/definition/pages/df89cfe9ca9aeeecc3a5/visuals/47ea230da33450f618e1/visual.json;reporte_pbip;3622;3C7C66C8FF26097380F6849F68656D653CFF5438C767ACA3F1614EB857B944E5
Retencion_Academica_SIES.Report/definition/pages/df89cfe9ca9aeeecc3a5/visuals/4ae9fabed083eaac1c66/visual.json;reporte_pbip;2341;6EED9A52731359D01D69A6DAE2DEF1A33BEC304E2D075942F5F59524EF42ED91
Retencion_Academica_SIES.Report/definition/pages/df89cfe9ca9aeeecc3a5/visuals/78f2898593138b69f347/visual.json;reporte_pbip;4886;95ED1BB3F1ABC26493CAE0BC67F5FC147A7E0339A22C0CC2DACCAF9E900F878F
Retencion_Academica_SIES.Report/definition/pages/df89cfe9ca9aeeecc3a5/visuals/8157ca47688f61c40ad1/visual.json;reporte_pbip;2021;FF0222C9FE044EB329AF9DF02029415BB98D1363AC7F4B83B64A5362F3AF7771
Retencion_Academica_SIES.Report/definition/pages/df89cfe9ca9aeeecc3a5/visuals/baccd54342f6c68e64da/visual.json;reporte_pbip;3672;C4EFED73A8116B6D3EFAEB8CF1F42A490616B057036AECBF86984C8ABF834EA7
Retencion_Academica_SIES.Report/definition/pages/df89cfe9ca9aeeecc3a5/visuals/c5d3ab5a44b31c169c04/visual.json;reporte_pbip;2012;58F50368987063FF61DF46F19026296B5D0F508C9A6228F2C022C3275A6F69EF
Retencion_Academica_SIES.Report/definition/pages/df89cfe9ca9aeeecc3a5/visuals/f77e2f160c6c55c79e1f/visual.json;reporte_pbip;2332;11BF9A54346B3CA9A86E8B0498F78B070E047AF7945E4E23530F9019877EBCC7
Retencion_Academica_SIES.Report/definition/pages/e4df13989a7b7c49bae0/page.json;reporte_pbip;7137;5BC8D94E7B226429E1C5AFC5EF9B346ACE5BB53A60745B3B2B41022B5A8EB3B4
Retencion_Academica_SIES.Report/definition/pages/e4df13989a7b7c49bae0/visuals/00defe79780e41b25742/visual.json;reporte_pbip;6556;1EA876D0B25C4D8871575106DE9CD007B3CEEDA11443103A0D75C9AC90E05ADC
Retencion_Academica_SIES.Report/definition/pages/e4df13989a7b7c49bae0/visuals/00e6ff636686613f3935/visual.json;reporte_pbip;1763;AB7E572447B40A40B1283190E8B1CFED4CBD498729FB0FB76F4856E561971CDB
Retencion_Academica_SIES.Report/definition/pages/e4df13989a7b7c49bae0/visuals/04311f86138adba74475/visual.json;reporte_pbip;2008;B5EA4E6CD782BCC7498C95E37A92CE528D3C83209D67077100F619D8733C4F50
Retencion_Academica_SIES.Report/definition/pages/e4df13989a7b7c49bae0/visuals/2b327cba8d7b387d77c3/visual.json;reporte_pbip;1992;CBDD73F0A1F1DC8AFCFEF2546574D1F32EDCB966933563C7053DBE7BE6880528
Retencion_Academica_SIES.Report/definition/pages/e4df13989a7b7c49bae0/visuals/4306c6cdd9f5b384001c/visual.json;reporte_pbip;2419;D7289462D61CA945531F88118E5ED206AF6BEF6FE3447BE3A23BFA64DDEC4FBD
Retencion_Academica_SIES.Report/definition/pages/e4df13989a7b7c49bae0/visuals/573880e13696abd077bb/visual.json;reporte_pbip;1259;BAE93FB1529F3C58F9A5CED2B8EDB4E1D8F70301726869E35B479E7158D82863
Retencion_Academica_SIES.Report/definition/pages/e4df13989a7b7c49bae0/visuals/5ef19a37371eab848b16/visual.json;reporte_pbip;2052;3DFF636AD7BB342B5AFF503EF6F0525A0243902D7BDECBACE7EA8E5D1F4C4A3F
Retencion_Academica_SIES.Report/definition/pages/e4df13989a7b7c49bae0/visuals/696ec32b1cc0f83408b4/visual.json;reporte_pbip;1305;CDA88E6BB202D3F752DCB9AE519290B1F6DD949D4E9592777FB89C5452C40C5A
Retencion_Academica_SIES.Report/definition/pages/e4df13989a7b7c49bae0/visuals/7bf5b081c8183684f12d/visual.json;reporte_pbip;1819;67BBBF6A71C8A32084DA843F3A12F7B7008B142A9E221C5DC53A294809A895B9
Retencion_Academica_SIES.Report/definition/pages/e4df13989a7b7c49bae0/visuals/7ce76287e08cc293fce1/visual.json;reporte_pbip;3638;01ACD1786B3ED3FCBF2088529FB990C4254011CC68A542FCB3012D0B1059E732
Retencion_Academica_SIES.Report/definition/pages/e4df13989a7b7c49bae0/visuals/7f46610b36b32b0f0c74/visual.json;reporte_pbip;1351;42FD191FF0E91E6C46E440A2D849FE8FD0DA7CC7EA0B95092F4B2CD6ADD58BFD
Retencion_Academica_SIES.Report/definition/pages/e4df13989a7b7c49bae0/visuals/8bb630857ba463dd5b21/visual.json;reporte_pbip;2421;9F98416952610880651E9B09C2C31D7BE4784B2B3572FA41C817AC40409C77BE
Retencion_Academica_SIES.Report/definition/pages/e4df13989a7b7c49bae0/visuals/8f21346708cd1fecc55e/visual.json;reporte_pbip;1776;5F8E0028FEDF1CF611BF314D5F6D014BFE1288AE017A4B46F18C855B94285DF3
Retencion_Academica_SIES.Report/definition/pages/e4df13989a7b7c49bae0/visuals/91153507164cb2b71223/visual.json;reporte_pbip;1764;C82E8890D425167C692D2796CFCAD1D156DE5F5A72CF81E06CF8658F027CE5B7
Retencion_Academica_SIES.Report/definition/pages/e4df13989a7b7c49bae0/visuals/d988ee50798ced66453b/visual.json;reporte_pbip;2031;C10C25B20FFAE2913A7F230683AC795DE11E1542E1E651F8CB5004C7EC924496
Retencion_Academica_SIES.Report/definition/pages/f6fdeecbc23c4ca758c7/page.json;reporte_pbip;573;BE6D789FE95098BFF29924B10C19155D1E8EC45DDEE31D847E9365E0588F837E
Retencion_Academica_SIES.Report/definition/pages/f6fdeecbc23c4ca758c7/visuals/0a80627d4936eb43952d/visual.json;reporte_pbip;1334;7C4B891AD054DADD0190D096F5931E3D570C2BF633E2708501D283A131F41FF1
Retencion_Academica_SIES.Report/definition/pages/f6fdeecbc23c4ca758c7/visuals/387fd78264356c5e4f2b/visual.json;reporte_pbip;2237;684475E39C40FA6335D97324B3A1D5214A86C0F2B0EAC705B2C180BD5701E0BF
Retencion_Academica_SIES.Report/definition/pages/f6fdeecbc23c4ca758c7/visuals/7112ac52838be7a0d26a/visual.json;reporte_pbip;3672;10490C6EF44A164B3253A3E5F5DB6FAA43E1001340BD48D7806762B74E0B55E2
Retencion_Academica_SIES.Report/definition/pages/f6fdeecbc23c4ca758c7/visuals/9614da51e6190a9a1a63/visual.json;reporte_pbip;4325;72FB5503A1B27155E25A56AB27D4617C1E8A0E925A4F8C37ADDD49E35ED79B47
Retencion_Academica_SIES.Report/definition/pages/f6fdeecbc23c4ca758c7/visuals/aed5a5ade76fa04c6888/visual.json;reporte_pbip;1258;CD6CDA0A308B6BFAACA44A2E4015B0E4B07A0D83D809C1663661EDC293E0D9A5
Retencion_Academica_SIES.Report/definition/pages/f6fdeecbc23c4ca758c7/visuals/d8575b451dc8eae1a405/visual.json;reporte_pbip;2021;824A5F2225FDB300F8F1F7B21E7BC165715FD0C9FB05A784D4C65DC4E4B64BE9
Retencion_Academica_SIES.Report/definition/pages/f6fdeecbc23c4ca758c7/visuals/e1e7ee7b12d70f1bb166/visual.json;reporte_pbip;2012;84D0B50A6A9D6009F7ADA8C943961A75808212B55A290DC9A4431DFA0F9F348F
Retencion_Academica_SIES.Report/definition/pages/f6fdeecbc23c4ca758c7/visuals/ec2b2e686f1d80ae0664/visual.json;reporte_pbip;3401;611AFCB0AD214343F17720391DCAE9ED5662A5230F929D6F73EA61A918AD5ABF
Retencion_Academica_SIES.Report/definition/pages/pages.json;reporte_pbip;659;A16E903C699CF169015521667533D0C4AF54CF457BC664DC318E86DB241679CB
Retencion_Academica_SIES.Report/definition/report.json;reporte_pbip;292;C38F059DA3911BD3F721FFE2A3C1A5C6BDCB5F415E39B4781B73A5F0BFC02EA8
Retencion_Academica_SIES.Report/definition/version.json;reporte_pbip;152;C8BDD966A85F1EAAB4312D2096B6D7B508243E4D7BC5A4D25AF3CFCB1056A4E7
Retencion_Academica_SIES.SemanticModel/.platform;modelo_semantico;327;769ECC8276F88B5B69CA8CB05C3D9F4D5076228C67315C3B62CB75F4E09887EB
Retencion_Academica_SIES.SemanticModel/definition.pbism;modelo_semantico;72;CF2B95886498D7834E3388283F10F1C45F6B6FA080417BA106EB3634391767EA
Retencion_Academica_SIES.SemanticModel/definition/cultures/es-CL.tmdl;modelo_semantico;56136;DEE480CA7E938F4D1406C647027179E8FC6D3C26693F9A4E6A8C985BCCC28D60
Retencion_Academica_SIES.SemanticModel/definition/database.tmdl;modelo_semantico;39;822C914B643BCA32BB20ABD8A762DF8204A1B9EF02ACC2BC7348727F6699CB96
Retencion_Academica_SIES.SemanticModel/definition/expressions.tmdl;modelo_semantico;206;7DAC73C9F65FD98FE39A5FD5CA79D55EB90833E1497C1A777001D166267D5242
Retencion_Academica_SIES.SemanticModel/definition/model.tmdl;modelo_semantico;740;029F0C6A8BCEF611ABC22B933B09025003829AA18985E2353458D6A87351905E
Retencion_Academica_SIES.SemanticModel/definition/relationships.tmdl;modelo_semantico;2135;66A70697964546E31A741D19AE1FECBED29F19C51E55B05327FB40EA8B2EB9BC
Retencion_Academica_SIES.SemanticModel/definition/tables/Cohortes.tmdl;modelo_semantico;575;C0A26FB1F3AEA7CB7E35B92CA080C71885F4C4996198C9CC32B3E2FBF3382030
Retencion_Academica_SIES.SemanticModel/definition/tables/DimAreaGenerica.tmdl;modelo_semantico;634;D1CBD5CA143448BD252DF064ED0826BAB33D9757CF49844A1FEFE1C4AF16B7F4
Retencion_Academica_SIES.SemanticModel/definition/tables/DimCarrera.tmdl;modelo_semantico;777;2A886A4BE33417243C25D9134754E6F047587FB2DDCADD19C117C8FDBE76986D
Retencion_Academica_SIES.SemanticModel/definition/tables/DimInstitucion.tmdl;modelo_semantico;795;0256E729C6C48D4CBC6B782FE3C21C478B46B6C3D9B75E11D565638CAD63DF4D
Retencion_Academica_SIES.SemanticModel/definition/tables/DimJornada.tmdl;modelo_semantico;582;9C70701892677A0A43A47DB8008A70D4B30EF7839AA572FC1362AA99929F304C
Retencion_Academica_SIES.SemanticModel/definition/tables/DimModalidad.tmdl;modelo_semantico;594;4DDDFCFDDD568261BFCA0BE72A988DD57F1B5FEDF19A84A8E62CCE2FCE1B7170
Retencion_Academica_SIES.SemanticModel/definition/tables/DimTipoInstitucion.tmdl;modelo_semantico;631;870017AC4F33655D07FA8C87BA44746180D14DE6B67A579DFADF24E6193586AE
Retencion_Academica_SIES.SemanticModel/definition/tables/Horizontes.tmdl;modelo_semantico;770;481447945E8345D6917CD3F78CDB0F02CDF06E494823789089BB57098B962A89
Retencion_Academica_SIES.SemanticModel/definition/tables/Programas.tmdl;modelo_semantico;3215;B17CE54D754EF141AF4038523B51864929C1D9BD7A1BD93033DF3848FEAFB7A9
Retencion_Academica_SIES.SemanticModel/definition/tables/Seguimiento.tmdl;modelo_semantico;17352;C267FD53B4BD7E7B35BD2AE36792B899916EE42D4AEA303218B2252894067FA0
Retencion_Academica_SIES.SemanticModel/definition/tables/Transiciones.tmdl;modelo_semantico;12516;F205B699C766456A69BA077902F1356675CD94650942D9E6CB8106A04CA10559
Retencion_Academica_SIES.SemanticModel/diagramLayout.json;modelo_semantico;4367;DE563503BC4185786795AC345BFED73F038D593C7ABE1BFC2D8267BF78D5D346
Retencion_Academica_SIES.pbip;configuracion_proyecto;196;F8A5AF0EFECF2EDC076A171007F283F6E23D84195D1B666AD376017369B72382
SECURITY.md;documentacion_entregable;1893;BBCB0A214D547ED8FE3E18243E2B69EE04E066FB9904EBD4FE97BB6BE131E08B
VALIDACION.md;documentacion_entregable;1718;5222DE9F3F277C8BF218294D1B195016863573390D3D30C691ABEE205F2BCFD8
auditoria/evidencia/resumen_auditoria.json;evidencia_auditoria;872;E2D0B1209D9DB8F6BE8C8174E28BAEE26B04770FB4F9D66310A6AD3FFD620EDC
config/sies-pbip.yml;configuracion_proyecto;899;734D5D02CD55E94D8A64046D62488F42E9DEFFFCDD3028AF8B831874AB28DCD8
datos/archivos_publicos.sha256;datos_analiticos;216;33B287BC59028B94495586680AB17CF722E03C2B3814A65636C98BB9BD113B85
datos/cohortes.csv;datos_analiticos;88;48DCAAD55B33F07C6F92F69E4203F684F5F099B9E2182BD1207BF603241FB6B4
datos/controles_publicos/procedencia_iplacex.csv;datos_analiticos;176;6D0166F1E1BD143741EC707F649061D511F25293DB721DEAAB62E645B02F5970
datos/controles_publicos/resumen_retencion.csv;datos_analiticos;183;B87E921BD4C0B44FFB72F24C24E744F261A45AF28665BF97139A0B656B8F010D
datos/fuentes.json;datos_analiticos;8729;4B62FA32FFD724CC0A8C429319AD85855B387AB6323B4E29E74CAF226B6A488E
datos/horizontes.csv;datos_analiticos;289;44069D0FD66400B91A7E07CCC2DB4691828F1D9751634BFD4C1D7AC82DEB4900
datos/metadata.json;datos_analiticos;2321;511B17C4433A09120E3F5F535BC3A30488CAB2E9D4825A75E1C57FF259A52EAB
docs/00-introduccion.md;documentacion_entregable;4541;53822C8DB05A7411D7D4FA7C148B0916912B46CC33DDA5098ECBB57DED58D4DA
docs/01-estructura-pbip.md;documentacion_entregable;5353;2F5C9556E60F3E10F91B79927C8B326903519B5A24616D17FC79655E9C940652
docs/02-modelo-semantico.md;documentacion_entregable;8675;75C1E2D3B79BA67AF8701ADD2EDADD8C6C0CFF929AC4F0783910B68EF756F0F9
docs/03-dax.md;documentacion_entregable;3003;B8A9796604234F5B1F648EF7C9B22A7798BFF3644C81597B34F2399461F61F33
docs/04-power-query.md;documentacion_entregable;2641;7FD173C5D3F9FEE04DB838E8878B4FDB87B88609B257D4222783093DC486B887
docs/05-reporte.md;documentacion_entregable;3388;B54EEF1A5B5A3A5F468421A6D4283C1A0C04EBA7723434503C8204ABC00417CB
docs/06-seguridad.md;documentacion_entregable;3628;918D8F8BDF2FA3B928D8EDC0B4297BF139BD30310A60CE6D40EA159E0BB2BC17
docs/07-alm-devops.md;documentacion_entregable;3034;5B9F89217D98C3622BF6004C042FF7A44FD86E703B19310E2861BCCADB589288
docs/08-estandares.md;documentacion_entregable;4259;6C656705B3848B2244CE71AE157898688F95AB47AB7DEA7962882783E13AD240
docs/09-glosario.md;documentacion_entregable;3015;15CC410E8F7DB13E80B16491E59BB0E6B57FBE64F8154A2CDE883951F1D29370
docs/10-adr/0000-plantilla.md;documentacion_entregable;679;ECE60CA4C607BBBA3635E8AE94DE77CA7ACE9E9B921574A9C41A2598B6D1BCD2
docs/10-adr/0001-pbip-como-formato-versionable.md;documentacion_entregable;1399;18DFE20C35F4BF9EF57FE6A99CA3433ECBB14681C2DC9CE9042067DDCB3C589D
docs/10-adr/0002-mrun-y-reproducibilidad.md;documentacion_entregable;1715;468FE46B6B4B9D1B275CB1189C8867644C09EB7DE255F4BEFB0B4FDB5470DA6F
docs/10-adr/0003-datos-derivados-en-github.md;documentacion_entregable;1727;270B1FB2B535935B159E8F0E8996BA0EBAF0D0AF77BF5521F5FA1986A3D0C52C
docs/10-adr/0004-universo-ip-cft-flexible.md;documentacion_entregable;1695;0303AA816F197D6C89F38DE835B61D2CB7B039B920AAE502F3590F211CE4AEB5
docs/10-adr/0005-parametro-ruta-datos.md;documentacion_entregable;1608;4E779685379DCCA4DB27CC176A572647B213098ACC57C927ED9E2C88D2B3DDFA
docs/10-adr/0006-mrun-externo-y-agregados-publicos.md;documentacion_entregable;919;06ED726E3D3E934D2A1127AFEF00025D543A9F970D4B3CCC105871B133E11772
docs/10-adr/0007-workspace-pbip-seguro.md;documentacion_entregable;848;6FFD9C232B862FDB44A89D5EC7FE76C076F801CF9EDC98CFDCAE5ADBEE954775
docs/10-adr/README.md;documentacion_entregable;1641;3A4AC12498EFA679AE3BE738CB3D2E5CD5F3361EAA9DB947B9EB06037D55CF3B
docs/11-checklists.md;documentacion_entregable;6487;85B0CABFB6428A320D0D371398EDCF98A052E8A3E23FA69FAE5188126682A087
docs/12-estandar-reutilizable.md;documentacion_entregable;2188;8307A4A8FDC7D50712DA86671DD270455EC669436BC9172C4CDCE1B8F16DD2B3
docs/DICCIONARIO_DATOS.md;documentacion_entregable;179;1A3D3D849C26221F8B0C96B6ACF18038838153F62638A15A14086EFDB52E9F25
docs/MEDIDAS_DAX.md;documentacion_entregable;177;BC7390D32D656AC232803340EF0B37022E5914044D74699C44C970F550503E36
docs/METODOLOGIA.md;documentacion_entregable;252;688B7718EF24ACC3ECD165AD0E3BDD5667DD5086B865DB21E1E79DC640BE25B6
docs/README.md;documentacion_entregable;3135;06C215BD330C2075F3EE6B84BF6139CDFA23DE0B559AE7C57C1E6F97312406C7
docs/documentacion-manifest.yml;documentacion_entregable;1074;70EEBF1AF7A217F2E73E28032DB1219A9585F4E4BCFF68372167DFF0537D0C07
governance/MRUN_PUBLICATION_REVIEW.md;documentacion_entregable;1071;FA8E32077D8D85B05874ED42C8F3415B4A1A53C7B889C38156FAAA53D0E9E9A5
governance/data-publication.yml;configuracion_proyecto;827;DF292154F6186B1C7C5B4717F0B07CEB48F19381D7D5480A4CCC7704F43027F0
governance/desktop-validation.example.yml;configuracion_proyecto;373;D9BA89FA08900F2D993631CA55BC4B46BBE8D0423E3F067EF501033584A6B0AB
pbip.manifest.json;configuracion_proyecto;1870;FBA8BF67E862AD4016C659C7F1AFB4F57ECC64E4A6179332BADD2A7AA1866420
pyproject.toml;configuracion_proyecto;692;B87C687F223922E15B4DEBEDFF21AECE8DE9F58008A6217B63D275E0E76EDCE2
pytest.ini;configuracion_proyecto;86;4F59AC2E7D8E96D3B5C1C6F65D50CBABB674CDF34B703C3BFB6AD562B55EFC24
requirements.txt;configuracion_proyecto;10;9D6D2C2E18451CD8EB86A739CBCB1664E4342EF4AE478266A3C333DD4F73674A
schemas/sies-pbip.schema.json;configuracion_proyecto;3404;21F6A1AF62656776BA04E1B3CEA0EE5C0AAE52090D5032456351C157023A8111
scripts/auditar_numeros.py;codigo_reproducible;10232;ADDCC91C4EF5CACCD9D44DC4C0381147129456A9EB517CAA67E83E8CDD0299E9
scripts/configurar_ruta_datos.py;codigo_reproducible;617;55DB14200426FA453B0CFBBF716641CAF2487F00D5F48937367FFD90B83B1F8D
scripts/construir_pbip.mjs;codigo_reproducible;19550;238DC6A6FEA7223A5B46C5DEA6B7042444A3E0418C3531D1C621FAB6F8CA45FC
scripts/generar_entregables_iplacex.py;codigo_reproducible;17478;B9D1E24EF8ACD67A096B97A75172D4F4B15C0100A01DB56E83D1B84244CF34FD
scripts/inventariar_repositorio.py;codigo_reproducible;3255;14D637FCD329CB8AA2C325BA0D586129609A2D330B9143072C05C61F3BC50F2F
scripts/materializar_datos.py;codigo_reproducible;22080;95D35687BAEF81420448FE3EA5CCA0A93B50BA66DE8A707B8D679E05C531E373
scripts/visuales.mjs;codigo_reproducible;3400;5A76B89709E8FB41A70E12FCEF4F181369562605F8E61AB6C224B1BCAE7F23EA
siespbip/__init__.py;configuracion_proyecto;103;E0CF35C6748872A8F4EFC8456FF347BB87481F03370951912BBF1D12C99BA013
siespbip/__main__.py;configuracion_proyecto;49;76FA916E93E0AE1A6C1BB51DCC0BCF289C014E9F760A47165F8A84401CCF41D7
siespbip/cli.py;configuracion_proyecto;3844;FA3C5C02FBAE34C4B97001CF81B071BFC84157511E5424C9467FF8EDC40EC37D
siespbip/core.py;configuracion_proyecto;29872;C90A2CF9ABAF741AD5994995AA46F7405FB4CE98BC4370EBA506CAE6D5D152FB
tests/standard/test_cli.py;calidad_y_gobierno;6232;0DCCA25920DDAF6D9A9049A9231679817CCFDB32181CC9E2A730879C9DB839BF
tests/test_documentacion.py;calidad_y_gobierno;4006;1F1B7A16E846C2C24F89B5C6B0C253D21CF3DD0629ADB1CD3FE9B08533255927
tests/test_reproducibilidad.py;calidad_y_gobierno;7227;CF6BDE1634B12998A60E3FA50787CEC72D63BF5E3D9CA1440757265C53E753DA
uv.lock;configuracion_proyecto;182741;2AE9224683F96500BFEC2455C747C77881355F67E9FDD21877908830F6A1816B
